{
    "loss": 1.537046173095703,
    "accuracy": 0.9105971403121948
}