{
    "loss": 1.5320359077453613,
    "accuracy": 0.9109855823516846
}